R ,64 ,C ,64 ,N ,10 ,D ,1,Rate ,1.000000,T ,2.186000 ,
R ,64 ,C ,64 ,N ,10 ,D ,2,Rate ,1.000000,T ,0.059000 ,
R ,64 ,C ,64 ,N ,10 ,D ,3,Rate ,1.000000,T ,0.049000 ,
R ,64 ,C ,64 ,N ,10 ,D ,4,Rate ,1.000000,T ,0.051000 ,
R ,64 ,C ,64 ,N ,10 ,D ,5,Rate ,1.000000,T ,0.047000 ,
R ,64 ,C ,64 ,N ,10 ,D ,6,Rate ,1.000000,T ,0.061000 ,
R ,64 ,C ,64 ,N ,10 ,D ,8,Rate ,1.000000,T ,0.047000 ,
R ,64 ,C ,64 ,N ,10 ,D ,10,Rate ,1.000000,T ,0.049000 ,
R ,64 ,C ,64 ,N ,10 ,D ,12,Rate ,1.000000,T ,0.047000 ,
R ,64 ,C ,64 ,N ,10 ,D ,14,Rate ,1.000000,T ,0.063000 ,
R ,64 ,C ,64 ,N ,10 ,D ,16,Rate ,1.000000,T ,0.084000 ,
R ,64 ,C ,64 ,N ,10 ,D ,18,Rate ,1.000000,T ,0.048000 ,
R ,64 ,C ,64 ,N ,10 ,D ,20,Rate ,1.000000,T ,0.047000 ,
R ,64 ,C ,64 ,N ,10 ,D ,25,Rate ,1.000000,T ,0.060000 ,
R ,64 ,C ,64 ,N ,10 ,D ,30,Rate ,1.000000,T ,0.044000 ,
R ,64 ,C ,64 ,N ,20 ,D ,1,Rate ,1.000000,T ,0.092000 ,
R ,64 ,C ,64 ,N ,20 ,D ,2,Rate ,1.000000,T ,0.097000 ,
R ,64 ,C ,64 ,N ,20 ,D ,3,Rate ,1.000000,T ,0.102000 ,
R ,64 ,C ,64 ,N ,20 ,D ,4,Rate ,1.000000,T ,0.098000 ,
R ,64 ,C ,64 ,N ,20 ,D ,5,Rate ,1.000000,T ,0.090000 ,
R ,64 ,C ,64 ,N ,20 ,D ,6,Rate ,1.000000,T ,0.109000 ,
R ,64 ,C ,64 ,N ,20 ,D ,8,Rate ,1.000000,T ,0.105000 ,
R ,64 ,C ,64 ,N ,20 ,D ,10,Rate ,1.000000,T ,0.106000 ,
R ,64 ,C ,64 ,N ,20 ,D ,12,Rate ,1.000000,T ,0.112000 ,
R ,64 ,C ,64 ,N ,20 ,D ,14,Rate ,1.000000,T ,0.093000 ,
R ,64 ,C ,64 ,N ,20 ,D ,16,Rate ,1.000000,T ,0.117000 ,
R ,64 ,C ,64 ,N ,20 ,D ,18,Rate ,1.000000,T ,0.100000 ,
R ,64 ,C ,64 ,N ,20 ,D ,20,Rate ,1.000000,T ,0.113000 ,
R ,64 ,C ,64 ,N ,20 ,D ,25,Rate ,1.000000,T ,0.117000 ,
R ,64 ,C ,64 ,N ,20 ,D ,30,Rate ,1.000000,T ,0.118000 ,
R ,64 ,C ,64 ,N ,30 ,D ,1,Rate ,1.000000,T ,0.160000 ,
R ,64 ,C ,64 ,N ,30 ,D ,2,Rate ,1.000000,T ,0.160000 ,
R ,64 ,C ,64 ,N ,30 ,D ,3,Rate ,1.000000,T ,0.131000 ,
R ,64 ,C ,64 ,N ,30 ,D ,4,Rate ,1.000000,T ,0.134000 ,
R ,64 ,C ,64 ,N ,30 ,D ,5,Rate ,1.000000,T ,0.152000 ,
R ,64 ,C ,64 ,N ,30 ,D ,6,Rate ,1.000000,T ,0.145000 ,
R ,64 ,C ,64 ,N ,30 ,D ,8,Rate ,1.000000,T ,0.149000 ,
R ,64 ,C ,64 ,N ,30 ,D ,10,Rate ,1.000000,T ,0.161000 ,
R ,64 ,C ,64 ,N ,30 ,D ,12,Rate ,1.000000,T ,0.142000 ,
R ,64 ,C ,64 ,N ,30 ,D ,14,Rate ,1.000000,T ,0.161000 ,
R ,64 ,C ,64 ,N ,30 ,D ,16,Rate ,1.000000,T ,0.175000 ,
R ,64 ,C ,64 ,N ,30 ,D ,18,Rate ,1.000000,T ,0.158000 ,
R ,64 ,C ,64 ,N ,30 ,D ,20,Rate ,1.000000,T ,0.157000 ,
R ,64 ,C ,64 ,N ,30 ,D ,25,Rate ,1.000000,T ,0.243000 ,
R ,64 ,C ,64 ,N ,30 ,D ,30,Rate ,1.000000,T ,0.254000 ,
R ,64 ,C ,64 ,N ,40 ,D ,1,Rate ,1.000000,T ,0.198000 ,
R ,64 ,C ,64 ,N ,40 ,D ,2,Rate ,1.000000,T ,0.184000 ,
R ,64 ,C ,64 ,N ,40 ,D ,3,Rate ,1.000000,T ,0.199000 ,
R ,64 ,C ,64 ,N ,40 ,D ,4,Rate ,1.000000,T ,0.204000 ,
R ,64 ,C ,64 ,N ,40 ,D ,5,Rate ,1.000000,T ,0.208000 ,
R ,64 ,C ,64 ,N ,40 ,D ,6,Rate ,1.000000,T ,0.229000 ,
R ,64 ,C ,64 ,N ,40 ,D ,8,Rate ,1.000000,T ,0.189000 ,
R ,64 ,C ,64 ,N ,40 ,D ,10,Rate ,1.000000,T ,0.203000 ,
R ,64 ,C ,64 ,N ,40 ,D ,12,Rate ,1.000000,T ,0.217000 ,
R ,64 ,C ,64 ,N ,40 ,D ,14,Rate ,1.000000,T ,0.180000 ,
R ,64 ,C ,64 ,N ,40 ,D ,16,Rate ,1.000000,T ,0.188000 ,
R ,64 ,C ,64 ,N ,40 ,D ,18,Rate ,1.000000,T ,0.229000 ,
R ,64 ,C ,64 ,N ,40 ,D ,20,Rate ,1.000000,T ,0.223000 ,
R ,64 ,C ,64 ,N ,40 ,D ,25,Rate ,1.000000,T ,0.197000 ,
R ,64 ,C ,64 ,N ,40 ,D ,30,Rate ,1.000423,T ,0.338000 ,
R ,64 ,C ,64 ,N ,50 ,D ,1,Rate ,1.000000,T ,0.241000 ,
R ,64 ,C ,64 ,N ,50 ,D ,2,Rate ,1.000000,T ,0.235000 ,
R ,64 ,C ,64 ,N ,50 ,D ,3,Rate ,1.000000,T ,0.235000 ,
R ,64 ,C ,64 ,N ,50 ,D ,4,Rate ,1.000341,T ,0.237000 ,
R ,64 ,C ,64 ,N ,50 ,D ,5,Rate ,1.000339,T ,0.261000 ,
R ,64 ,C ,64 ,N ,50 ,D ,6,Rate ,1.000000,T ,0.232000 ,
R ,64 ,C ,64 ,N ,50 ,D ,8,Rate ,1.000000,T ,0.254000 ,
R ,64 ,C ,64 ,N ,50 ,D ,10,Rate ,1.000338,T ,0.274000 ,
R ,64 ,C ,64 ,N ,50 ,D ,12,Rate ,1.000000,T ,0.301000 ,
R ,64 ,C ,64 ,N ,50 ,D ,14,Rate ,1.000000,T ,0.287000 ,
R ,64 ,C ,64 ,N ,50 ,D ,16,Rate ,1.000000,T ,0.284000 ,
R ,64 ,C ,64 ,N ,50 ,D ,18,Rate ,1.000000,T ,0.302000 ,
R ,64 ,C ,64 ,N ,50 ,D ,20,Rate ,1.000000,T ,0.340000 ,
R ,64 ,C ,64 ,N ,50 ,D ,25,Rate ,1.000000,T ,0.418000 ,
R ,64 ,C ,64 ,N ,50 ,D ,30,Rate ,1.000340,T ,0.418000 ,
R ,64 ,C ,64 ,N ,60 ,D ,1,Rate ,1.000000,T ,0.278000 ,
R ,64 ,C ,64 ,N ,60 ,D ,2,Rate ,1.000000,T ,0.340000 ,
R ,64 ,C ,64 ,N ,60 ,D ,3,Rate ,1.000000,T ,0.328000 ,
R ,64 ,C ,64 ,N ,60 ,D ,4,Rate ,1.000000,T ,0.303000 ,
R ,64 ,C ,64 ,N ,60 ,D ,5,Rate ,1.000000,T ,0.309000 ,
R ,64 ,C ,64 ,N ,60 ,D ,6,Rate ,1.000000,T ,0.336000 ,
R ,64 ,C ,64 ,N ,60 ,D ,8,Rate ,1.000000,T ,0.352000 ,
R ,64 ,C ,64 ,N ,60 ,D ,10,Rate ,1.000000,T ,0.322000 ,
R ,64 ,C ,64 ,N ,60 ,D ,12,Rate ,1.000000,T ,0.360000 ,
R ,64 ,C ,64 ,N ,60 ,D ,14,Rate ,1.000000,T ,0.390000 ,
R ,64 ,C ,64 ,N ,60 ,D ,16,Rate ,1.000000,T ,0.447000 ,
R ,64 ,C ,64 ,N ,60 ,D ,18,Rate ,1.000000,T ,0.368000 ,
R ,64 ,C ,64 ,N ,60 ,D ,20,Rate ,1.000000,T ,0.459000 ,
R ,64 ,C ,64 ,N ,60 ,D ,25,Rate ,1.000000,T ,0.488000 ,
R ,64 ,C ,64 ,N ,60 ,D ,30,Rate ,1.000000,T ,0.488000 ,
R ,64 ,C ,64 ,N ,70 ,D ,1,Rate ,1.000000,T ,0.335000 ,
R ,64 ,C ,64 ,N ,70 ,D ,2,Rate ,1.000000,T ,0.330000 ,
R ,64 ,C ,64 ,N ,70 ,D ,3,Rate ,1.000000,T ,0.348000 ,
R ,64 ,C ,64 ,N ,70 ,D ,4,Rate ,1.000000,T ,0.345000 ,
R ,64 ,C ,64 ,N ,70 ,D ,5,Rate ,1.000487,T ,0.389000 ,
R ,64 ,C ,64 ,N ,70 ,D ,6,Rate ,1.000000,T ,0.353000 ,
R ,64 ,C ,64 ,N ,70 ,D ,8,Rate ,1.000000,T ,0.347000 ,
R ,64 ,C ,64 ,N ,70 ,D ,10,Rate ,1.000000,T ,0.352000 ,
R ,64 ,C ,64 ,N ,70 ,D ,12,Rate ,1.000000,T ,0.327000 ,
R ,64 ,C ,64 ,N ,70 ,D ,14,Rate ,1.000000,T ,0.406000 ,
R ,64 ,C ,64 ,N ,70 ,D ,16,Rate ,1.000000,T ,0.406000 ,
R ,64 ,C ,64 ,N ,70 ,D ,18,Rate ,1.000485,T ,0.569000 ,
R ,64 ,C ,64 ,N ,70 ,D ,20,Rate ,1.000000,T ,0.550000 ,
R ,64 ,C ,64 ,N ,70 ,D ,25,Rate ,1.000000,T ,0.652000 ,
R ,64 ,C ,64 ,N ,70 ,D ,30,Rate ,1.000242,T ,1.187000 ,
R ,64 ,C ,64 ,N ,80 ,D ,1,Rate ,1.000000,T ,0.392000 ,
R ,64 ,C ,64 ,N ,80 ,D ,2,Rate ,1.000000,T ,0.425000 ,
R ,64 ,C ,64 ,N ,80 ,D ,3,Rate ,1.000000,T ,0.388000 ,
R ,64 ,C ,64 ,N ,80 ,D ,4,Rate ,1.000212,T ,0.448000 ,
R ,64 ,C ,64 ,N ,80 ,D ,5,Rate ,1.000000,T ,0.432000 ,
R ,64 ,C ,64 ,N ,80 ,D ,6,Rate ,1.000000,T ,0.386000 ,
R ,64 ,C ,64 ,N ,80 ,D ,8,Rate ,1.000425,T ,0.486000 ,
R ,64 ,C ,64 ,N ,80 ,D ,10,Rate ,1.000000,T ,0.471000 ,
R ,64 ,C ,64 ,N ,80 ,D ,12,Rate ,1.000000,T ,0.388000 ,
R ,64 ,C ,64 ,N ,80 ,D ,14,Rate ,1.000425,T ,0.564000 ,
R ,64 ,C ,64 ,N ,80 ,D ,16,Rate ,1.000000,T ,0.500000 ,
R ,64 ,C ,64 ,N ,80 ,D ,18,Rate ,1.000000,T ,0.594000 ,
R ,64 ,C ,64 ,N ,80 ,D ,20,Rate ,1.000000,T ,0.625000 ,
R ,64 ,C ,64 ,N ,80 ,D ,25,Rate ,1.000213,T ,0.683000 ,
R ,64 ,C ,64 ,N ,80 ,D ,30,Rate ,1.000000,T ,0.909000 ,
R ,64 ,C ,64 ,N ,90 ,D ,1,Rate ,1.000000,T ,0.462000 ,
R ,64 ,C ,64 ,N ,90 ,D ,2,Rate ,1.000000,T ,0.488000 ,
R ,64 ,C ,64 ,N ,90 ,D ,3,Rate ,1.000000,T ,0.422000 ,
R ,64 ,C ,64 ,N ,90 ,D ,4,Rate ,1.000000,T ,0.492000 ,
R ,64 ,C ,64 ,N ,90 ,D ,5,Rate ,1.000378,T ,0.419000 ,
R ,64 ,C ,64 ,N ,90 ,D ,6,Rate ,1.000000,T ,0.509000 ,
R ,64 ,C ,64 ,N ,90 ,D ,8,Rate ,1.000000,T ,0.495000 ,
R ,64 ,C ,64 ,N ,90 ,D ,10,Rate ,1.000188,T ,0.494000 ,
R ,64 ,C ,64 ,N ,90 ,D ,12,Rate ,1.000000,T ,0.560000 ,
R ,64 ,C ,64 ,N ,90 ,D ,14,Rate ,1.000189,T ,0.536000 ,
R ,64 ,C ,64 ,N ,90 ,D ,16,Rate ,1.000189,T ,0.620000 ,
R ,64 ,C ,64 ,N ,90 ,D ,18,Rate ,1.000000,T ,0.621000 ,
R ,64 ,C ,64 ,N ,90 ,D ,20,Rate ,1.000000,T ,0.654000 ,
R ,64 ,C ,64 ,N ,90 ,D ,25,Rate ,1.000188,T ,0.921000 ,
R ,64 ,C ,64 ,N ,90 ,D ,30,Rate ,1.000000,T ,1.187000 ,
R ,64 ,C ,64 ,N ,100 ,D ,1,Rate ,1.000000,T ,0.528000 ,
R ,64 ,C ,64 ,N ,100 ,D ,2,Rate ,1.000000,T ,0.478000 ,
R ,64 ,C ,64 ,N ,100 ,D ,3,Rate ,1.000000,T ,0.498000 ,
R ,64 ,C ,64 ,N ,100 ,D ,4,Rate ,1.000000,T ,0.502000 ,
R ,64 ,C ,64 ,N ,100 ,D ,5,Rate ,1.000000,T ,0.495000 ,
R ,64 ,C ,64 ,N ,100 ,D ,6,Rate ,1.000000,T ,0.572000 ,
R ,64 ,C ,64 ,N ,100 ,D ,8,Rate ,1.000000,T ,0.515000 ,
R ,64 ,C ,64 ,N ,100 ,D ,10,Rate ,1.000000,T ,0.526000 ,
R ,64 ,C ,64 ,N ,100 ,D ,12,Rate ,1.000170,T ,0.629000 ,
R ,64 ,C ,64 ,N ,100 ,D ,14,Rate ,1.000000,T ,0.661000 ,
R ,64 ,C ,64 ,N ,100 ,D ,16,Rate ,1.000000,T ,0.813000 ,
R ,64 ,C ,64 ,N ,100 ,D ,18,Rate ,1.000170,T ,0.756000 ,
R ,64 ,C ,64 ,N ,100 ,D ,20,Rate ,1.000000,T ,0.860000 ,
R ,64 ,C ,64 ,N ,100 ,D ,25,Rate ,1.000000,T ,1.187000 ,
R ,64 ,C ,64 ,N ,100 ,D ,30,Rate ,1.000169,T ,1.397000 ,
R ,64 ,C ,64 ,N ,120 ,D ,1,Rate ,1.000000,T ,0.620000 ,
R ,64 ,C ,64 ,N ,120 ,D ,2,Rate ,1.000000,T ,0.616000 ,
R ,64 ,C ,64 ,N ,120 ,D ,3,Rate ,1.000000,T ,0.628000 ,
R ,64 ,C ,64 ,N ,120 ,D ,4,Rate ,1.000000,T ,0.658000 ,
R ,64 ,C ,64 ,N ,120 ,D ,5,Rate ,1.000000,T ,0.615000 ,
R ,64 ,C ,64 ,N ,120 ,D ,6,Rate ,1.000142,T ,0.656000 ,
R ,64 ,C ,64 ,N ,120 ,D ,8,Rate ,1.000142,T ,0.721000 ,
R ,64 ,C ,64 ,N ,120 ,D ,10,Rate ,1.000000,T ,0.677000 ,
R ,64 ,C ,64 ,N ,120 ,D ,12,Rate ,1.000000,T ,0.830000 ,
R ,64 ,C ,64 ,N ,120 ,D ,14,Rate ,1.000000,T ,0.974000 ,
R ,64 ,C ,64 ,N ,120 ,D ,16,Rate ,1.000142,T ,0.966000 ,
R ,64 ,C ,64 ,N ,120 ,D ,18,Rate ,1.000000,T ,1.057000 ,
R ,64 ,C ,64 ,N ,120 ,D ,20,Rate ,1.000282,T ,1.035000 ,
R ,64 ,C ,64 ,N ,120 ,D ,25,Rate ,1.000142,T ,1.414000 ,
R ,64 ,C ,64 ,N ,120 ,D ,30,Rate ,1.000142,T ,2.508000 ,
R ,64 ,C ,64 ,N ,140 ,D ,1,Rate ,1.000000,T ,0.677000 ,
R ,64 ,C ,64 ,N ,140 ,D ,2,Rate ,1.000000,T ,0.723000 ,
R ,64 ,C ,64 ,N ,140 ,D ,3,Rate ,1.000000,T ,0.750000 ,
R ,64 ,C ,64 ,N ,140 ,D ,4,Rate ,1.000000,T ,0.731000 ,
R ,64 ,C ,64 ,N ,140 ,D ,5,Rate ,1.000244,T ,0.744000 ,
R ,64 ,C ,64 ,N ,140 ,D ,6,Rate ,1.000122,T ,0.800000 ,
R ,64 ,C ,64 ,N ,140 ,D ,8,Rate ,1.000363,T ,0.924000 ,
R ,64 ,C ,64 ,N ,140 ,D ,10,Rate ,1.000121,T ,0.919000 ,
R ,64 ,C ,64 ,N ,140 ,D ,12,Rate ,1.000000,T ,1.058000 ,
R ,64 ,C ,64 ,N ,140 ,D ,14,Rate ,1.000000,T ,0.990000 ,
R ,64 ,C ,64 ,N ,140 ,D ,16,Rate ,1.000242,T ,1.057000 ,
R ,64 ,C ,64 ,N ,140 ,D ,18,Rate ,1.000000,T ,1.236000 ,
R ,64 ,C ,64 ,N ,140 ,D ,20,Rate ,1.000000,T ,1.345000 ,
R ,64 ,C ,64 ,N ,140 ,D ,25,Rate ,1.000122,T ,1.885000 ,
R ,64 ,C ,64 ,N ,140 ,D ,30,Rate ,1.000486,T ,3.210000 ,
R ,64 ,C ,64 ,N ,160 ,D ,1,Rate ,1.000000,T ,0.875000 ,
R ,64 ,C ,64 ,N ,160 ,D ,2,Rate ,1.000000,T ,0.878000 ,
R ,64 ,C ,64 ,N ,160 ,D ,3,Rate ,1.000000,T ,0.873000 ,
R ,64 ,C ,64 ,N ,160 ,D ,4,Rate ,1.000106,T ,1.005000 ,
R ,64 ,C ,64 ,N ,160 ,D ,5,Rate ,1.000000,T ,0.905000 ,
R ,64 ,C ,64 ,N ,160 ,D ,6,Rate ,1.000000,T ,0.976000 ,
R ,64 ,C ,64 ,N ,160 ,D ,8,Rate ,1.000000,T ,0.996000 ,
R ,64 ,C ,64 ,N ,160 ,D ,10,Rate ,1.000000,T ,1.110000 ,
R ,64 ,C ,64 ,N ,160 ,D ,12,Rate ,1.000106,T ,1.336000 ,
R ,64 ,C ,64 ,N ,160 ,D ,14,Rate ,1.000000,T ,1.275000 ,
R ,64 ,C ,64 ,N ,160 ,D ,16,Rate ,1.000106,T ,1.477000 ,
R ,64 ,C ,64 ,N ,160 ,D ,18,Rate ,1.000212,T ,1.448000 ,
R ,64 ,C ,64 ,N ,160 ,D ,20,Rate ,1.000531,T ,1.947000 ,
R ,64 ,C ,64 ,N ,160 ,D ,25,Rate ,1.000000,T ,2.876000 ,
R ,64 ,C ,64 ,N ,160 ,D ,30,Rate ,1.000531,T ,3.290000 ,
R ,64 ,C ,64 ,N ,180 ,D ,1,Rate ,1.000094,T ,0.892000 ,
R ,64 ,C ,64 ,N ,180 ,D ,2,Rate ,1.000000,T ,0.993000 ,
R ,64 ,C ,64 ,N ,180 ,D ,3,Rate ,1.000000,T ,0.996000 ,
R ,64 ,C ,64 ,N ,180 ,D ,4,Rate ,1.000000,T ,1.082000 ,
R ,64 ,C ,64 ,N ,180 ,D ,5,Rate ,1.000094,T ,1.038000 ,
R ,64 ,C ,64 ,N ,180 ,D ,6,Rate ,1.000094,T ,1.143000 ,
R ,64 ,C ,64 ,N ,180 ,D ,8,Rate ,1.000189,T ,1.265000 ,
R ,64 ,C ,64 ,N ,180 ,D ,10,Rate ,1.000094,T ,1.234000 ,
R ,64 ,C ,64 ,N ,180 ,D ,12,Rate ,1.000000,T ,1.343000 ,
R ,64 ,C ,64 ,N ,180 ,D ,14,Rate ,1.000000,T ,1.489000 ,
R ,64 ,C ,64 ,N ,180 ,D ,16,Rate ,1.000094,T ,1.668000 ,
R ,64 ,C ,64 ,N ,180 ,D ,18,Rate ,1.000943,T ,2.125000 ,
R ,64 ,C ,64 ,N ,180 ,D ,20,Rate ,1.000283,T ,2.541000 ,
R ,64 ,C ,64 ,N ,180 ,D ,25,Rate ,1.000377,T ,3.406000 ,
R ,64 ,C ,64 ,N ,180 ,D ,30,Rate ,1.001039,T ,5.193000 ,
R ,64 ,C ,64 ,N ,200 ,D ,1,Rate ,1.000085,T ,1.121000 ,
R ,64 ,C ,64 ,N ,200 ,D ,2,Rate ,1.000000,T ,1.075000 ,
R ,64 ,C ,64 ,N ,200 ,D ,3,Rate ,1.000000,T ,1.062000 ,
R ,64 ,C ,64 ,N ,200 ,D ,4,Rate ,1.000000,T ,1.209000 ,
R ,64 ,C ,64 ,N ,200 ,D ,5,Rate ,1.000170,T ,1.251000 ,
R ,64 ,C ,64 ,N ,200 ,D ,6,Rate ,1.000000,T ,1.382000 ,
R ,64 ,C ,64 ,N ,200 ,D ,8,Rate ,1.000000,T ,1.537000 ,
R ,64 ,C ,64 ,N ,200 ,D ,10,Rate ,1.000085,T ,1.561000 ,
R ,64 ,C ,64 ,N ,200 ,D ,12,Rate ,1.000000,T ,1.615000 ,
R ,64 ,C ,64 ,N ,200 ,D ,14,Rate ,1.000000,T ,1.943000 ,
R ,64 ,C ,64 ,N ,200 ,D ,16,Rate ,1.000255,T ,2.003000 ,
R ,64 ,C ,64 ,N ,200 ,D ,18,Rate ,1.000340,T ,2.237000 ,
R ,64 ,C ,64 ,N ,200 ,D ,20,Rate ,1.000170,T ,2.841000 ,
R ,64 ,C ,64 ,N ,200 ,D ,25,Rate ,1.000680,T ,4.465000 ,
R ,64 ,C ,64 ,N ,200 ,D ,30,Rate ,1.000848,T ,6.398000 ,
R ,64 ,C ,64 ,N ,220 ,D ,1,Rate ,1.000077,T ,1.170000 ,
R ,64 ,C ,64 ,N ,220 ,D ,2,Rate ,1.000000,T ,1.298000 ,
R ,64 ,C ,64 ,N ,220 ,D ,3,Rate ,1.000077,T ,1.243000 ,
R ,64 ,C ,64 ,N ,220 ,D ,4,Rate ,1.000000,T ,1.360000 ,
R ,64 ,C ,64 ,N ,220 ,D ,5,Rate ,1.000077,T ,1.321000 ,
R ,64 ,C ,64 ,N ,220 ,D ,6,Rate ,1.000154,T ,1.484000 ,
R ,64 ,C ,64 ,N ,220 ,D ,8,Rate ,1.000077,T ,1.624000 ,
R ,64 ,C ,64 ,N ,220 ,D ,10,Rate ,1.000155,T ,1.731000 ,
R ,64 ,C ,64 ,N ,220 ,D ,12,Rate ,1.000077,T ,2.221000 ,
R ,64 ,C ,64 ,N ,220 ,D ,14,Rate ,1.000387,T ,2.513000 ,
R ,64 ,C ,64 ,N ,220 ,D ,16,Rate ,1.000618,T ,2.252000 ,
R ,64 ,C ,64 ,N ,220 ,D ,18,Rate ,1.000232,T ,3.037000 ,
R ,64 ,C ,64 ,N ,220 ,D ,20,Rate ,1.000000,T ,2.840000 ,
R ,64 ,C ,64 ,N ,220 ,D ,25,Rate ,1.000772,T ,8.824000 ,
R ,64 ,C ,64 ,N ,220 ,D ,30,Rate ,1.000771,T ,12.341000 ,
R ,64 ,C ,64 ,N ,240 ,D ,1,Rate ,1.000142,T ,1.385000 ,
R ,64 ,C ,64 ,N ,240 ,D ,2,Rate ,1.000000,T ,1.391000 ,
R ,64 ,C ,64 ,N ,240 ,D ,3,Rate ,1.000141,T ,1.509000 ,
R ,64 ,C ,64 ,N ,240 ,D ,4,Rate ,1.000000,T ,1.443000 ,
R ,64 ,C ,64 ,N ,240 ,D ,5,Rate ,1.000070,T ,1.574000 ,
R ,64 ,C ,64 ,N ,240 ,D ,6,Rate ,1.000000,T ,1.826000 ,
R ,64 ,C ,64 ,N ,240 ,D ,8,Rate ,1.000142,T ,2.046000 ,
R ,64 ,C ,64 ,N ,240 ,D ,10,Rate ,1.000142,T ,2.159000 ,
R ,64 ,C ,64 ,N ,240 ,D ,12,Rate ,1.000283,T ,2.423000 ,
R ,64 ,C ,64 ,N ,240 ,D ,14,Rate ,1.000355,T ,3.057000 ,
R ,64 ,C ,64 ,N ,240 ,D ,16,Rate ,1.000071,T ,3.056000 ,
R ,64 ,C ,64 ,N ,240 ,D ,18,Rate ,1.000565,T ,3.848000 ,
R ,64 ,C ,64 ,N ,240 ,D ,20,Rate ,1.000283,T ,4.166000 ,
R ,64 ,C ,64 ,N ,240 ,D ,25,Rate ,1.000848,T ,7.185000 ,
R ,64 ,C ,64 ,N ,240 ,D ,30,Rate ,1.001062,T ,16.131000 ,
R ,64 ,C ,64 ,N ,260 ,D ,1,Rate ,1.000000,T ,1.481000 ,
R ,64 ,C ,64 ,N ,260 ,D ,2,Rate ,1.000131,T ,1.682000 ,
R ,64 ,C ,64 ,N ,260 ,D ,3,Rate ,1.000065,T ,1.809000 ,
R ,64 ,C ,64 ,N ,260 ,D ,4,Rate ,1.000262,T ,1.699000 ,
R ,64 ,C ,64 ,N ,260 ,D ,5,Rate ,1.000065,T ,1.807000 ,
R ,64 ,C ,64 ,N ,260 ,D ,6,Rate ,1.000327,T ,1.906000 ,
R ,64 ,C ,64 ,N ,260 ,D ,8,Rate ,1.000261,T ,2.098000 ,
R ,64 ,C ,64 ,N ,260 ,D ,10,Rate ,1.000065,T ,2.239000 ,
R ,64 ,C ,64 ,N ,260 ,D ,12,Rate ,1.000196,T ,2.668000 ,
R ,64 ,C ,64 ,N ,260 ,D ,14,Rate ,1.000065,T ,3.096000 ,
R ,64 ,C ,64 ,N ,260 ,D ,16,Rate ,1.000261,T ,3.807000 ,
R ,64 ,C ,64 ,N ,260 ,D ,18,Rate ,1.000261,T ,5.220000 ,
R ,64 ,C ,64 ,N ,260 ,D ,20,Rate ,1.000522,T ,5.281000 ,
R ,64 ,C ,64 ,N ,260 ,D ,25,Rate ,1.000262,T ,7.087000 ,
R ,64 ,C ,64 ,N ,260 ,D ,30,Rate ,1.000784,T ,22.733000 ,
R ,64 ,C ,64 ,N ,280 ,D ,1,Rate ,1.000000,T ,1.789000 ,
R ,64 ,C ,64 ,N ,280 ,D ,2,Rate ,1.000122,T ,1.779000 ,
R ,64 ,C ,64 ,N ,280 ,D ,3,Rate ,1.000061,T ,1.935000 ,
R ,64 ,C ,64 ,N ,280 ,D ,4,Rate ,1.000061,T ,1.929000 ,
R ,64 ,C ,64 ,N ,280 ,D ,5,Rate ,1.000061,T ,2.009000 ,
R ,64 ,C ,64 ,N ,280 ,D ,6,Rate ,1.000061,T ,2.221000 ,
R ,64 ,C ,64 ,N ,280 ,D ,8,Rate ,1.000121,T ,2.522000 ,
R ,64 ,C ,64 ,N ,280 ,D ,10,Rate ,1.000181,T ,2.874000 ,
R ,64 ,C ,64 ,N ,280 ,D ,12,Rate ,1.000121,T ,3.160000 ,
R ,64 ,C ,64 ,N ,280 ,D ,14,Rate ,1.000365,T ,3.586000 ,
R ,64 ,C ,64 ,N ,280 ,D ,16,Rate ,1.000061,T ,4.483000 ,
R ,64 ,C ,64 ,N ,280 ,D ,18,Rate ,1.000546,T ,4.760000 ,
R ,64 ,C ,64 ,N ,280 ,D ,20,Rate ,1.000424,T ,5.627000 ,
R ,64 ,C ,64 ,N ,280 ,D ,25,Rate ,1.000546,T ,10.399000 ,
R ,64 ,C ,64 ,N ,280 ,D ,30,Rate ,1.002117,T ,21.108000 ,
R ,64 ,C ,64 ,N ,300 ,D ,1,Rate ,1.000113,T ,1.829000 ,
R ,64 ,C ,64 ,N ,300 ,D ,2,Rate ,1.000057,T ,1.848000 ,
R ,64 ,C ,64 ,N ,300 ,D ,3,Rate ,1.000170,T ,1.970000 ,
R ,64 ,C ,64 ,N ,300 ,D ,4,Rate ,1.000340,T ,2.150000 ,
R ,64 ,C ,64 ,N ,300 ,D ,5,Rate ,1.000226,T ,2.262000 ,
R ,64 ,C ,64 ,N ,300 ,D ,6,Rate ,1.000000,T ,2.473000 ,
R ,64 ,C ,64 ,N ,300 ,D ,8,Rate ,1.000113,T ,2.576000 ,
R ,64 ,C ,64 ,N ,300 ,D ,10,Rate ,1.000227,T ,3.440000 ,
R ,64 ,C ,64 ,N ,300 ,D ,12,Rate ,1.000283,T ,3.634000 ,
R ,64 ,C ,64 ,N ,300 ,D ,14,Rate ,1.000396,T ,4.168000 ,
R ,64 ,C ,64 ,N ,300 ,D ,16,Rate ,1.000395,T ,4.754000 ,
R ,64 ,C ,64 ,N ,300 ,D ,18,Rate ,1.000396,T ,5.488000 ,
R ,64 ,C ,64 ,N ,300 ,D ,20,Rate ,1.000283,T ,7.070000 ,
R ,64 ,C ,64 ,N ,300 ,D ,25,Rate ,1.000794,T ,12.657000 ,
R ,64 ,C ,64 ,N ,300 ,D ,30,Rate ,1.001811,T ,37.689000 ,
R ,64 ,C ,64 ,N ,350 ,D ,1,Rate ,1.000000,T ,2.156000 ,
R ,64 ,C ,64 ,N ,350 ,D ,2,Rate ,1.000195,T ,2.343000 ,
R ,64 ,C ,64 ,N ,350 ,D ,3,Rate ,1.000291,T ,2.419000 ,
R ,64 ,C ,64 ,N ,350 ,D ,4,Rate ,1.000194,T ,2.579000 ,
R ,64 ,C ,64 ,N ,350 ,D ,5,Rate ,1.000194,T ,2.675000 ,
R ,64 ,C ,64 ,N ,350 ,D ,6,Rate ,1.000048,T ,2.947000 ,
R ,64 ,C ,64 ,N ,350 ,D ,8,Rate ,1.000195,T ,3.578000 ,
R ,64 ,C ,64 ,N ,350 ,D ,10,Rate ,1.000195,T ,4.097000 ,
R ,64 ,C ,64 ,N ,350 ,D ,12,Rate ,1.000097,T ,5.097000 ,
R ,64 ,C ,64 ,N ,350 ,D ,14,Rate ,1.000097,T ,5.796000 ,
R ,64 ,C ,64 ,N ,350 ,D ,16,Rate ,1.000194,T ,7.104000 ,
R ,64 ,C ,64 ,N ,350 ,D ,18,Rate ,1.000388,T ,8.435000 ,
R ,64 ,C ,64 ,N ,350 ,D ,20,Rate ,1.000679,T ,10.259000 ,
R ,64 ,C ,64 ,N ,350 ,D ,25,Rate ,1.000680,T ,24.485000 ,
R ,64 ,C ,64 ,N ,350 ,D ,30,Rate ,1.002331,T ,73.238000 ,
R ,64 ,C ,64 ,N ,400 ,D ,1,Rate ,1.000085,T ,2.686000 ,
R ,64 ,C ,64 ,N ,400 ,D ,2,Rate ,1.000000,T ,2.528000 ,
R ,64 ,C ,64 ,N ,400 ,D ,3,Rate ,1.000341,T ,2.931000 ,
R ,64 ,C ,64 ,N ,400 ,D ,4,Rate ,1.000255,T ,3.326000 ,
R ,64 ,C ,64 ,N ,400 ,D ,5,Rate ,1.000085,T ,3.666000 ,
R ,64 ,C ,64 ,N ,400 ,D ,6,Rate ,1.000255,T ,3.476000 ,
R ,64 ,C ,64 ,N ,400 ,D ,8,Rate ,1.000554,T ,4.638000 ,
R ,64 ,C ,64 ,N ,400 ,D ,10,Rate ,1.000383,T ,5.388000 ,
R ,64 ,C ,64 ,N ,400 ,D ,12,Rate ,1.000510,T ,6.174000 ,
R ,64 ,C ,64 ,N ,400 ,D ,14,Rate ,1.000468,T ,7.449000 ,
R ,64 ,C ,64 ,N ,400 ,D ,16,Rate ,1.000467,T ,8.386000 ,
R ,64 ,C ,64 ,N ,400 ,D ,18,Rate ,1.000594,T ,12.606000 ,
R ,64 ,C ,64 ,N ,400 ,D ,20,Rate ,1.000638,T ,20.840000 ,
R ,64 ,C ,64 ,N ,400 ,D ,25,Rate ,1.001316,T ,41.187000 ,
R ,64 ,C ,64 ,N ,400 ,D ,30,Rate ,1.003022,T ,109.625000 ,
R ,64 ,C ,64 ,N ,450 ,D ,1,Rate ,1.000113,T ,3.315000 ,
R ,64 ,C ,64 ,N ,450 ,D ,2,Rate ,1.000113,T ,3.161000 ,
R ,64 ,C ,64 ,N ,450 ,D ,3,Rate ,1.000000,T ,3.558000 ,
R ,64 ,C ,64 ,N ,450 ,D ,4,Rate ,1.000302,T ,3.961000 ,
R ,64 ,C ,64 ,N ,450 ,D ,5,Rate ,1.000189,T ,4.961000 ,
R ,64 ,C ,64 ,N ,450 ,D ,6,Rate ,1.000340,T ,4.546000 ,
R ,64 ,C ,64 ,N ,450 ,D ,8,Rate ,1.000264,T ,5.209000 ,
R ,64 ,C ,64 ,N ,450 ,D ,10,Rate ,1.000227,T ,6.622000 ,
R ,64 ,C ,64 ,N ,450 ,D ,12,Rate ,1.000189,T ,7.736000 ,
R ,64 ,C ,64 ,N ,450 ,D ,14,Rate ,1.000870,T ,9.419000 ,
R ,64 ,C ,64 ,N ,450 ,D ,16,Rate ,1.000453,T ,13.238000 ,
R ,64 ,C ,64 ,N ,450 ,D ,18,Rate ,1.000189,T ,19.628000 ,
R ,64 ,C ,64 ,N ,450 ,D ,20,Rate ,1.001243,T ,23.993000 ,
R ,64 ,C ,64 ,N ,450 ,D ,25,Rate ,1.002724,T ,106.516000 ,
R ,64 ,C ,64 ,N ,450 ,D ,30,Rate ,1.003701,T ,167.381000 ,
R ,64 ,C ,64 ,N ,500 ,D ,1,Rate ,1.000068,T ,3.933000 ,
R ,64 ,C ,64 ,N ,500 ,D ,2,Rate ,1.000136,T ,3.671000 ,
R ,64 ,C ,64 ,N ,500 ,D ,3,Rate ,1.000238,T ,4.055000 ,
R ,64 ,C ,64 ,N ,500 ,D ,4,Rate ,1.000204,T ,4.418000 ,
R ,64 ,C ,64 ,N ,500 ,D ,5,Rate ,1.000204,T ,4.678000 ,
R ,64 ,C ,64 ,N ,500 ,D ,6,Rate ,1.000340,T ,5.501000 ,
R ,64 ,C ,64 ,N ,500 ,D ,8,Rate ,1.000306,T ,7.325000 ,
R ,64 ,C ,64 ,N ,500 ,D ,10,Rate ,1.000443,T ,7.642000 ,
R ,64 ,C ,64 ,N ,500 ,D ,12,Rate ,1.000646,T ,11.586000 ,
R ,64 ,C ,64 ,N ,500 ,D ,14,Rate ,1.000442,T ,16.572000 ,
R ,64 ,C ,64 ,N ,500 ,D ,16,Rate ,1.000612,T ,17.913000 ,
R ,64 ,C ,64 ,N ,500 ,D ,18,Rate ,1.001020,T ,26.870000 ,
R ,64 ,C ,64 ,N ,500 ,D ,20,Rate ,1.000917,T ,34.682000 ,
R ,64 ,C ,64 ,N ,500 ,D ,25,Rate ,1.002753,T ,156.845000 ,
R ,64 ,C ,64 ,N ,550 ,D ,1,Rate ,1.000124,T ,4.274000 ,
R ,64 ,C ,64 ,N ,550 ,D ,2,Rate ,1.000093,T ,4.212000 ,
R ,64 ,C ,64 ,N ,550 ,D ,3,Rate ,1.000154,T ,4.542000 ,
R ,64 ,C ,64 ,N ,550 ,D ,4,Rate ,1.000247,T ,5.455000 ,
R ,64 ,C ,64 ,N ,550 ,D ,5,Rate ,1.000000,T ,5.767000 ,
R ,64 ,C ,64 ,N ,550 ,D ,6,Rate ,1.000186,T ,6.541000 ,
R ,64 ,C ,64 ,N ,550 ,D ,8,Rate ,1.000371,T ,8.891000 ,
R ,64 ,C ,64 ,N ,550 ,D ,10,Rate ,1.000217,T ,10.437000 ,
R ,64 ,C ,64 ,N ,550 ,D ,12,Rate ,1.000433,T ,15.138000 ,
R ,64 ,C ,64 ,N ,550 ,D ,14,Rate ,1.000619,T ,16.617000 ,
R ,64 ,C ,64 ,N ,550 ,D ,16,Rate ,1.000988,T ,28.680000 ,
R ,64 ,C ,64 ,N ,550 ,D ,18,Rate ,1.000959,T ,38.406000 ,
R ,64 ,C ,64 ,N ,550 ,D ,20,Rate ,1.001331,T ,73.053000 ,
R ,64 ,C ,64 ,N ,600 ,D ,1,Rate ,1.000057,T ,4.766000 ,
R ,64 ,C ,64 ,N ,600 ,D ,2,Rate ,1.000141,T ,4.633000 ,
R ,64 ,C ,64 ,N ,600 ,D ,3,Rate ,1.000142,T ,5.441000 ,
R ,64 ,C ,64 ,N ,600 ,D ,4,Rate ,1.000481,T ,6.031000 ,
R ,64 ,C ,64 ,N ,600 ,D ,5,Rate ,1.000340,T ,6.992000 ,
R ,64 ,C ,64 ,N ,600 ,D ,6,Rate ,1.000566,T ,7.519000 ,
R ,64 ,C ,64 ,N ,600 ,D ,8,Rate ,1.000453,T ,10.305000 ,
R ,64 ,C ,64 ,N ,600 ,D ,10,Rate ,1.000396,T ,12.817000 ,
R ,64 ,C ,64 ,N ,600 ,D ,12,Rate ,1.000594,T ,15.367000 ,
R ,64 ,C ,64 ,N ,600 ,D ,14,Rate ,1.001131,T ,22.959000 ,
R ,64 ,C ,64 ,N ,600 ,D ,16,Rate ,1.001248,T ,44.534000 ,
R ,64 ,C ,64 ,N ,600 ,D ,18,Rate ,1.001587,T ,74.702000 ,
R ,64 ,C ,64 ,N ,600 ,D ,20,Rate ,1.002491,T ,109.143000 ,
R ,64 ,C ,64 ,N ,650 ,D ,1,Rate ,1.000026,T ,5.584000 ,
R ,64 ,C ,64 ,N ,650 ,D ,2,Rate ,1.000131,T ,5.472000 ,
R ,64 ,C ,64 ,N ,650 ,D ,3,Rate ,1.000287,T ,6.427000 ,
R ,64 ,C ,64 ,N ,650 ,D ,4,Rate ,1.000183,T ,6.965000 ,
R ,64 ,C ,64 ,N ,650 ,D ,5,Rate ,1.000262,T ,7.386000 ,
R ,64 ,C ,64 ,N ,650 ,D ,6,Rate ,1.000444,T ,10.782000 ,
R ,64 ,C ,64 ,N ,650 ,D ,8,Rate ,1.000235,T ,10.995000 ,
R ,64 ,C ,64 ,N ,650 ,D ,10,Rate ,1.000523,T ,14.746000 ,
R ,64 ,C ,64 ,N ,650 ,D ,12,Rate ,1.000706,T ,19.648000 ,
R ,64 ,C ,64 ,N ,650 ,D ,14,Rate ,1.001021,T ,31.901000 ,
R ,64 ,C ,64 ,N ,650 ,D ,16,Rate ,1.001645,T ,55.482000 ,
R ,64 ,C ,64 ,N ,650 ,D ,18,Rate ,1.001855,T ,96.457000 ,
R ,64 ,C ,64 ,N ,650 ,D ,20,Rate ,1.002899,T ,194.901000 ,
R ,64 ,C ,64 ,N ,700 ,D ,1,Rate ,1.000097,T ,5.796000 ,
R ,64 ,C ,64 ,N ,700 ,D ,2,Rate ,1.000243,T ,6.379000 ,
R ,64 ,C ,64 ,N ,700 ,D ,3,Rate ,1.000291,T ,6.756000 ,
R ,64 ,C ,64 ,N ,700 ,D ,4,Rate ,1.000267,T ,7.630000 ,
R ,64 ,C ,64 ,N ,700 ,D ,5,Rate ,1.000462,T ,8.664000 ,
R ,64 ,C ,64 ,N ,700 ,D ,6,Rate ,1.000388,T ,10.534000 ,
R ,64 ,C ,64 ,N ,700 ,D ,8,Rate ,1.000583,T ,14.994000 ,
R ,64 ,C ,64 ,N ,700 ,D ,10,Rate ,1.000728,T ,19.109000 ,
R ,64 ,C ,64 ,N ,700 ,D ,12,Rate ,1.000777,T ,24.721000 ,
R ,64 ,C ,64 ,N ,700 ,D ,14,Rate ,1.000801,T ,41.159000 ,
R ,64 ,C ,64 ,N ,700 ,D ,16,Rate ,1.001190,T ,76.915000 ,
R ,64 ,C ,64 ,N ,700 ,D ,18,Rate ,1.002236,T ,155.437000 ,
R ,64 ,C ,64 ,N ,750 ,D ,1,Rate ,1.000249,T ,6.587000 ,
R ,64 ,C ,64 ,N ,750 ,D ,2,Rate ,1.000272,T ,6.638000 ,
R ,64 ,C ,64 ,N ,750 ,D ,3,Rate ,1.000362,T ,8.615000 ,
R ,64 ,C ,64 ,N ,750 ,D ,4,Rate ,1.000385,T ,8.952000 ,
R ,64 ,C ,64 ,N ,750 ,D ,5,Rate ,1.000476,T ,10.673000 ,
R ,64 ,C ,64 ,N ,750 ,D ,6,Rate ,1.000702,T ,13.374000 ,
R ,64 ,C ,64 ,N ,750 ,D ,8,Rate ,1.000363,T ,15.215000 ,
R ,64 ,C ,64 ,N ,750 ,D ,10,Rate ,1.001020,T ,21.651000 ,
R ,64 ,C ,64 ,N ,750 ,D ,12,Rate ,1.001247,T ,41.061000 ,
R ,64 ,C ,64 ,N ,750 ,D ,14,Rate ,1.000998,T ,50.206000 ,
R ,64 ,C ,64 ,N ,750 ,D ,16,Rate ,1.001971,T ,130.409000 ,
R ,64 ,C ,64 ,N ,800 ,D ,1,Rate ,1.000170,T ,7.196000 ,
R ,64 ,C ,64 ,N ,800 ,D ,2,Rate ,1.000255,T ,7.725000 ,
R ,64 ,C ,64 ,N ,800 ,D ,3,Rate ,1.000255,T ,8.769000 ,
R ,64 ,C ,64 ,N ,800 ,D ,4,Rate ,1.000510,T ,10.378000 ,
R ,64 ,C ,64 ,N ,800 ,D ,5,Rate ,1.000637,T ,12.893000 ,
R ,64 ,C ,64 ,N ,800 ,D ,6,Rate ,1.000636,T ,14.996000 ,
R ,64 ,C ,64 ,N ,800 ,D ,8,Rate ,1.000850,T ,19.291000 ,
R ,64 ,C ,64 ,N ,800 ,D ,10,Rate ,1.000976,T ,27.905000 ,
R ,64 ,C ,64 ,N ,800 ,D ,12,Rate ,1.001253,T ,46.312000 ,
R ,64 ,C ,64 ,N ,800 ,D ,14,Rate ,1.001361,T ,71.819000 ,
R ,64 ,C ,64 ,N ,800 ,D ,16,Rate ,1.002251,T ,132.777000 ,
R ,64 ,C ,64 ,N ,850 ,D ,1,Rate ,1.000160,T ,7.846000 ,
R ,64 ,C ,64 ,N ,850 ,D ,2,Rate ,1.000280,T ,8.080000 ,
R ,64 ,C ,64 ,N ,850 ,D ,3,Rate ,1.000240,T ,9.917000 ,
R ,64 ,C ,64 ,N ,850 ,D ,4,Rate ,1.000400,T ,12.297000 ,
R ,64 ,C ,64 ,N ,850 ,D ,5,Rate ,1.000300,T ,13.959000 ,
R ,64 ,C ,64 ,N ,850 ,D ,6,Rate ,1.000718,T ,16.606000 ,
R ,64 ,C ,64 ,N ,850 ,D ,8,Rate ,1.001000,T ,23.583000 ,
R ,64 ,C ,64 ,N ,850 ,D ,10,Rate ,1.001019,T ,38.335000 ,
R ,64 ,C ,64 ,N ,850 ,D ,12,Rate ,1.001719,T ,80.269000 ,
R ,64 ,C ,64 ,N ,850 ,D ,14,Rate ,1.001500,T ,99.177000 ,
R ,64 ,C ,64 ,N ,900 ,D ,1,Rate ,1.000076,T ,8.475000 ,
R ,64 ,C ,64 ,N ,900 ,D ,2,Rate ,1.000302,T ,9.395000 ,
R ,64 ,C ,64 ,N ,900 ,D ,3,Rate ,1.000283,T ,10.380000 ,
R ,64 ,C ,64 ,N ,900 ,D ,4,Rate ,1.000491,T ,12.853000 ,
R ,64 ,C ,64 ,N ,900 ,D ,5,Rate ,1.000812,T ,15.999000 ,
R ,64 ,C ,64 ,N ,900 ,D ,6,Rate ,1.000962,T ,20.032000 ,
R ,64 ,C ,64 ,N ,900 ,D ,8,Rate ,1.000774,T ,28.568000 ,
R ,64 ,C ,64 ,N ,900 ,D ,10,Rate ,1.001285,T ,51.850000 ,
R ,64 ,C ,64 ,N ,900 ,D ,12,Rate ,1.001473,T ,76.400000 ,
R ,64 ,C ,64 ,N ,900 ,D ,14,Rate ,1.002113,T ,131.840000 ,
R ,64 ,C ,64 ,N ,950 ,D ,1,Rate ,1.000090,T ,9.215000 ,
R ,64 ,C ,64 ,N ,950 ,D ,2,Rate ,1.000304,T ,10.081000 ,
R ,64 ,C ,64 ,N ,950 ,D ,3,Rate ,1.000394,T ,12.359000 ,
R ,64 ,C ,64 ,N ,950 ,D ,4,Rate ,1.000394,T ,14.346000 ,
R ,64 ,C ,64 ,N ,950 ,D ,5,Rate ,1.000859,T ,18.409000 ,
R ,64 ,C ,64 ,N ,950 ,D ,6,Rate ,1.000877,T ,22.749000 ,
R ,64 ,C ,64 ,N ,950 ,D ,8,Rate ,1.001289,T ,29.930000 ,
R ,64 ,C ,64 ,N ,950 ,D ,10,Rate ,1.001538,T ,69.899000 ,
R ,64 ,C ,64 ,N ,950 ,D ,12,Rate ,1.001576,T ,83.707000 ,
R ,64 ,C ,64 ,N ,1000 ,D ,1,Rate ,1.000255,T ,10.271000 ,
R ,64 ,C ,64 ,N ,1000 ,D ,2,Rate ,1.000306,T ,11.396000 ,
R ,64 ,C ,64 ,N ,1000 ,D ,3,Rate ,1.000595,T ,14.467000 ,
R ,64 ,C ,64 ,N ,1000 ,D ,4,Rate ,1.000527,T ,16.716000 ,
R ,64 ,C ,64 ,N ,1000 ,D ,5,Rate ,1.000646,T ,20.660000 ,
R ,64 ,C ,64 ,N ,1000 ,D ,6,Rate ,1.000934,T ,28.905000 ,
R ,64 ,C ,64 ,N ,1000 ,D ,8,Rate ,1.001071,T ,40.988000 ,
R ,64 ,C ,64 ,N ,1000 ,D ,10,Rate ,1.001460,T ,60.612000 ,
R ,64 ,C ,64 ,N ,1000 ,D ,12,Rate ,1.002330,T ,120.026000 ,
